[{
	"id": 1,
	"label": "北京市",
	"children": [{
		"id": 2,
		"label": "北京市"
	}]
}, {
	"id": 19,
	"label": "天津市",
	"children": [{
		"id": 20,
		"label": "天津市"
	}]
}, {
	"id": 37,
	"label": "河北省",
	"children": [{
		"id": 38,
		"label": "石家庄市"
	}, {
		"id": 61,
		"label": "唐山市"
	}, {
		"id": 76,
		"label": "秦皇岛市"
	}, {
		"id": 84,
		"label": "邯郸市"
	}, {
		"id": 104,
		"label": "邢台市"
	}, {
		"id": 124,
		"label": "保定市"
	}, {
		"id": 150,
		"label": "张家口市"
	}, {
		"id": 168,
		"label": "承德市"
	}, {
		"id": 180,
		"label": "沧州市"
	}, {
		"id": 197,
		"label": "廊坊市"
	}, {
		"id": 208,
		"label": "衡水市"
	}]
}, {
	"id": 220,
	"label": "山西省",
	"children": [{
		"id": 221,
		"label": "太原市"
	}, {
		"id": 232,
		"label": "大同市"
	}, {
		"id": 244,
		"label": "阳泉市"
	}, {
		"id": 250,
		"label": "长治市"
	}, {
		"id": 264,
		"label": "晋城市"
	}, {
		"id": 271,
		"label": "朔州市"
	}, {
		"id": 278,
		"label": "晋中市"
	}, {
		"id": 290,
		"label": "运城市"
	}, {
		"id": 304,
		"label": "忻州市"
	}, {
		"id": 319,
		"label": "临汾市"
	}, {
		"id": 337,
		"label": "吕梁市"
	}]
}, {
	"id": 351,
	"label": "内蒙古自治区",
	"children": [{
		"id": 352,
		"label": "呼和浩特市"
	}, {
		"id": 362,
		"label": "包头市"
	}, {
		"id": 372,
		"label": "乌海市"
	}, {
		"id": 376,
		"label": "赤峰市"
	}, {
		"id": 389,
		"label": "通辽市"
	}, {
		"id": 398,
		"label": "鄂尔多斯市"
	}, {
		"id": 407,
		"label": "呼伦贝尔市"
	}, {
		"id": 422,
		"label": "巴彦淖尔市"
	}, {
		"id": 430,
		"label": "乌兰察布市"
	}, {
		"id": 442,
		"label": "兴安盟"
	}, {
		"id": 449,
		"label": "锡林郭勒盟"
	}, {
		"id": 462,
		"label": "阿拉善盟"
	}]
}, {
	"id": 466,
	"label": "辽宁省",
	"children": [{
		"id": 467,
		"label": "沈阳市"
	}, {
		"id": 481,
		"label": "大连市"
	}, {
		"id": 492,
		"label": "鞍山市"
	}, {
		"id": 500,
		"label": "抚顺市"
	}, {
		"id": 508,
		"label": "本溪市"
	}, {
		"id": 515,
		"label": "丹东市"
	}, {
		"id": 522,
		"label": "锦州市"
	}, {
		"id": 530,
		"label": "营口市"
	}, {
		"id": 537,
		"label": "阜新市"
	}, {
		"id": 545,
		"label": "辽阳市"
	}, {
		"id": 553,
		"label": "盘锦市"
	}, {
		"id": 558,
		"label": "铁岭市"
	}, {
		"id": 566,
		"label": "朝阳市"
	}, {
		"id": 574,
		"label": "葫芦岛市"
	}, {
		"id": 581,
		"label": "金普新区"
	}]
}, {
	"id": 585,
	"label": "吉林省",
	"children": [{
		"id": 586,
		"label": "长春市"
	}, {
		"id": 597,
		"label": "吉林市"
	}, {
		"id": 607,
		"label": "四平市"
	}, {
		"id": 614,
		"label": "辽源市"
	}, {
		"id": 619,
		"label": "通化市"
	}, {
		"id": 627,
		"label": "白山市"
	}, {
		"id": 634,
		"label": "松原市"
	}, {
		"id": 640,
		"label": "白城市"
	}, {
		"id": 646,
		"label": "延边朝鲜族自治州"
	}]
}, {
	"id": 655,
	"label": "黑龙江省",
	"children": [{
		"id": 656,
		"label": "哈尔滨市"
	}, {
		"id": 675,
		"label": "齐齐哈尔市"
	}, {
		"id": 692,
		"label": "鸡西市"
	}, {
		"id": 702,
		"label": "鹤岗市"
	}, {
		"id": 711,
		"label": "双鸭山市"
	}, {
		"id": 720,
		"label": "大庆市"
	}, {
		"id": 730,
		"label": "伊春市"
	}, {
		"id": 748,
		"label": "佳木斯市"
	}, {
		"id": 759,
		"label": "七台河市"
	}, {
		"id": 764,
		"label": "牡丹江市"
	}, {
		"id": 775,
		"label": "黑河市"
	}, {
		"id": 782,
		"label": "绥化市"
	}, {
		"id": 793,
		"label": "大兴安岭地区"
	}]
}, {
	"id": 801,
	"label": "上海市",
	"children": [{
		"id": 802,
		"label": "上海市"
	}]
}, {
	"id": 820,
	"label": "江苏省",
	"children": [{
		"id": 821,
		"label": "南京市"
	}, {
		"id": 833,
		"label": "无锡市"
	}, {
		"id": 842,
		"label": "徐州市"
	}, {
		"id": 853,
		"label": "常州市"
	}, {
		"id": 861,
		"label": "苏州市"
	}, {
		"id": 871,
		"label": "南通市"
	}, {
		"id": 880,
		"label": "连云港市"
	}, {
		"id": 887,
		"label": "淮安市"
	}, {
		"id": 896,
		"label": "盐城市"
	}, {
		"id": 906,
		"label": "扬州市"
	}, {
		"id": 913,
		"label": "镇江市"
	}, {
		"id": 920,
		"label": "泰州市"
	}, {
		"id": 927,
		"label": "宿迁市"
	}]
}, {
	"id": 933,
	"label": "浙江省",
	"children": [{
		"id": 934,
		"label": "杭州市"
	}, {
		"id": 948,
		"label": "宁波市"
	}, {
		"id": 960,
		"label": "温州市"
	}, {
		"id": 972,
		"label": "嘉兴市"
	}, {
		"id": 980,
		"label": "湖州市"
	}, {
		"id": 986,
		"label": "绍兴市"
	}, {
		"id": 993,
		"label": "金华市"
	}, {
		"id": 1003,
		"label": "衢州市"
	}, {
		"id": 1010,
		"label": "舟山市"
	}, {
		"id": 1015,
		"label": "台州市"
	}, {
		"id": 1025,
		"label": "丽水市"
	}, {
		"id": 1035,
		"label": "舟山群岛新区"
	}]
}, {
	"id": 1046,
	"label": "安徽省",
	"children": [{
		"id": 1047,
		"label": "合肥市"
	}, {
		"id": 1057,
		"label": "芜湖市"
	}, {
		"id": 1066,
		"label": "蚌埠市"
	}, {
		"id": 1074,
		"label": "淮南市"
	}, {
		"id": 1081,
		"label": "马鞍山市"
	}, {
		"id": 1088,
		"label": "淮北市"
	}, {
		"id": 1093,
		"label": "铜陵市"
	}, {
		"id": 1098,
		"label": "安庆市"
	}, {
		"id": 1110,
		"label": "黄山市"
	}, {
		"id": 1118,
		"label": "滁州市"
	}, {
		"id": 1127,
		"label": "阜阳市"
	}, {
		"id": 1136,
		"label": "宿州市"
	}, {
		"id": 1142,
		"label": "六安市"
	}, {
		"id": 1150,
		"label": "亳州市"
	}, {
		"id": 1155,
		"label": "池州市"
	}, {
		"id": 1160,
		"label": "宣城市"
	}]
}, {
	"id": 1168,
	"label": "福建省",
	"children": [{
		"id": 1169,
		"label": "福州市"
	}, {
		"id": 1183,
		"label": "厦门市"
	}, {
		"id": 1190,
		"label": "莆田市"
	}, {
		"id": 1196,
		"label": "三明市"
	}, {
		"id": 1209,
		"label": "泉州市"
	}, {
		"id": 1222,
		"label": "漳州市"
	}, {
		"id": 1234,
		"label": "南平市"
	}, {
		"id": 1245,
		"label": "龙岩市"
	}, {
		"id": 1253,
		"label": "宁德市"
	}]
}, {
	"id": 1263,
	"label": "江西省",
	"children": [{
		"id": 1264,
		"label": "南昌市"
	}, {
		"id": 1274,
		"label": "景德镇市"
	}, {
		"id": 1279,
		"label": "萍乡市"
	}, {
		"id": 1285,
		"label": "九江市"
	}, {
		"id": 1299,
		"label": "新余市"
	}, {
		"id": 1302,
		"label": "鹰潭市"
	}, {
		"id": 1306,
		"label": "赣州市"
	}, {
		"id": 1325,
		"label": "吉安市"
	}, {
		"id": 1339,
		"label": "宜春市"
	}, {
		"id": 1350,
		"label": "抚州市"
	}, {
		"id": 1362,
		"label": "上饶市"
	}]
}, {
	"id": 1375,
	"label": "山东省",
	"children": [{
		"id": 1376,
		"label": "济南市"
	}, {
		"id": 1387,
		"label": "青岛市"
	}, {
		"id": 1399,
		"label": "淄博市"
	}, {
		"id": 1408,
		"label": "枣庄市"
	}, {
		"id": 1415,
		"label": "东营市"
	}, {
		"id": 1421,
		"label": "烟台市"
	}, {
		"id": 1434,
		"label": "潍坊市"
	}, {
		"id": 1447,
		"label": "济宁市"
	}, {
		"id": 1459,
		"label": "泰安市"
	}, {
		"id": 1466,
		"label": "威海市"
	}, {
		"id": 1471,
		"label": "日照市"
	}, {
		"id": 1476,
		"label": "莱芜市"
	}, {
		"id": 1479,
		"label": "临沂市"
	}, {
		"id": 1492,
		"label": "德州市"
	}, {
		"id": 1504,
		"label": "聊城市"
	}, {
		"id": 1513,
		"label": "滨州市"
	}, {
		"id": 1522,
		"label": "菏泽市"
	}]
}, {
	"id": 1532,
	"label": "河南省",
	"children": [{
		"id": 1533,
		"label": "郑州市"
	}, {
		"id": 1546,
		"label": "开封市"
	}, {
		"id": 1556,
		"label": "洛阳市"
	}, {
		"id": 1572,
		"label": "平顶山市"
	}, {
		"id": 1583,
		"label": "安阳市"
	}, {
		"id": 1593,
		"label": "鹤壁市"
	}, {
		"id": 1599,
		"label": "新乡市"
	}, {
		"id": 1612,
		"label": "焦作市"
	}, {
		"id": 1623,
		"label": "濮阳市"
	}, {
		"id": 1630,
		"label": "许昌市"
	}, {
		"id": 1637,
		"label": "漯河市"
	}, {
		"id": 1643,
		"label": "三门峡市"
	}, {
		"id": 1650,
		"label": "南阳市"
	}, {
		"id": 1664,
		"label": "商丘市"
	}, {
		"id": 1674,
		"label": "信阳市"
	}, {
		"id": 1685,
		"label": "周口市"
	}, {
		"id": 1696,
		"label": "驻马店市"
	}, {
		"id": 1707,
		"label": "直辖县级"
	}]
}, {
	"id": 1709,
	"label": "湖北省",
	"children": [{
		"id": 1710,
		"label": "武汉市"
	}, {
		"id": 1724,
		"label": "黄石市"
	}, {
		"id": 1731,
		"label": "十堰市"
	}, {
		"id": 1740,
		"label": "宜昌市"
	}, {
		"id": 1754,
		"label": "襄阳市"
	}, {
		"id": 1764,
		"label": "鄂州市"
	}, {
		"id": 1768,
		"label": "荆门市"
	}, {
		"id": 1774,
		"label": "孝感市"
	}, {
		"id": 1782,
		"label": "荆州市"
	}, {
		"id": 1791,
		"label": "黄冈市"
	}, {
		"id": 1802,
		"label": "咸宁市"
	}, {
		"id": 1809,
		"label": "随州市"
	}, {
		"id": 1813,
		"label": "恩施土家族苗族自治州"
	}, {
		"id": 1822,
		"label": "直辖县级"
	}]
}, {
	"id": 1827,
	"label": "湖南省",
	"children": [{
		"id": 1828,
		"label": "长沙市"
	}, {
		"id": 1838,
		"label": "株洲市"
	}, {
		"id": 1848,
		"label": "湘潭市"
	}, {
		"id": 1854,
		"label": "衡阳市"
	}, {
		"id": 1867,
		"label": "邵阳市"
	}, {
		"id": 1880,
		"label": "岳阳市"
	}, {
		"id": 1890,
		"label": "常德市"
	}, {
		"id": 1900,
		"label": "张家界市"
	}, {
		"id": 1905,
		"label": "益阳市"
	}, {
		"id": 1912,
		"label": "郴州市"
	}, {
		"id": 1924,
		"label": "永州市"
	}, {
		"id": 1936,
		"label": "怀化市"
	}, {
		"id": 1949,
		"label": "娄底市"
	}, {
		"id": 1955,
		"label": "湘西土家族苗族自治州"
	}]
}, {
	"id": 1964,
	"label": "广东省",
	"children": [{
		"id": 1965,
		"label": "广州市"
	}, {
		"id": 1977,
		"label": "韶关市"
	}, {
		"id": 1988,
		"label": "深圳市"
	}, {
		"id": 1999,
		"label": "珠海市"
	}, {
		"id": 2003,
		"label": "汕头市"
	}, {
		"id": 2011,
		"label": "佛山市"
	}, {
		"id": 2017,
		"label": "江门市"
	}, {
		"id": 2025,
		"label": "湛江市"
	}, {
		"id": 2035,
		"label": "茂名市"
	}, {
		"id": 2041,
		"label": "肇庆市"
	}, {
		"id": 2050,
		"label": "惠州市"
	}, {
		"id": 2056,
		"label": "梅州市"
	}, {
		"id": 2065,
		"label": "汕尾市"
	}, {
		"id": 2070,
		"label": "河源市"
	}, {
		"id": 2077,
		"label": "阳江市"
	}, {
		"id": 2082,
		"label": "清远市"
	}, {
		"id": 2091,
		"label": "东莞市"
	}, {
		"id": 2123,
		"label": "中山市"
	}, {
		"id": 2146,
		"label": "潮州市"
	}, {
		"id": 2150,
		"label": "揭阳市"
	}, {
		"id": 2156,
		"label": "云浮市"
	}]
}, {
	"id": 2162,
	"label": "广西壮族自治区",
	"children": [{
		"id": 2163,
		"label": "南宁市"
	}, {
		"id": 2177,
		"label": "柳州市"
	}, {
		"id": 2189,
		"label": "桂林市"
	}, {
		"id": 2207,
		"label": "梧州市"
	}, {
		"id": 2215,
		"label": "北海市"
	}, {
		"id": 2220,
		"label": "防城港市"
	}, {
		"id": 2225,
		"label": "钦州市"
	}, {
		"id": 2230,
		"label": "贵港市"
	}, {
		"id": 2236,
		"label": "玉林市"
	}, {
		"id": 2245,
		"label": "百色市"
	}, {
		"id": 2258,
		"label": "贺州市"
	}, {
		"id": 2264,
		"label": "河池市"
	}, {
		"id": 2276,
		"label": "来宾市"
	}, {
		"id": 2283,
		"label": "崇左市"
	}]
}, {
	"id": 2291,
	"label": "海南省",
	"children": [{
		"id": 2292,
		"label": "海口市"
	}, {
		"id": 2297,
		"label": "三亚市"
	}, {
		"id": 2302,
		"label": "三沙市"
	}, {
		"id": 2306,
		"label": "直辖县级"
	}]
}, {
	"id": 2323,
	"label": "重庆市",
	"children": [{
		"id": 2324,
		"label": "重庆市"
	}, {
		"id": 2363,
		"label": "两江新区"
	}]
}, {
	"id": 2367,
	"label": "四川省",
	"children": [{
		"id": 2368,
		"label": "成都市"
	}, {
		"id": 2388,
		"label": "自贡市"
	}, {
		"id": 2395,
		"label": "攀枝花市"
	}, {
		"id": 2401,
		"label": "泸州市"
	}, {
		"id": 2409,
		"label": "德阳市"
	}, {
		"id": 2416,
		"label": "绵阳市"
	}, {
		"id": 2426,
		"label": "广元市"
	}, {
		"id": 2434,
		"label": "遂宁市"
	}, {
		"id": 2440,
		"label": "内江市"
	}, {
		"id": 2446,
		"label": "乐山市"
	}, {
		"id": 2458,
		"label": "南充市"
	}, {
		"id": 2468,
		"label": "眉山市"
	}, {
		"id": 2475,
		"label": "宜宾市"
	}, {
		"id": 2486,
		"label": "广安市"
	}, {
		"id": 2493,
		"label": "达州市"
	}, {
		"id": 2501,
		"label": "雅安市"
	}, {
		"id": 2510,
		"label": "巴中市"
	}, {
		"id": 2516,
		"label": "资阳市"
	}, {
		"id": 2521,
		"label": "阿坝藏族羌族自治州"
	}, {
		"id": 2535,
		"label": "甘孜藏族自治州"
	}, {
		"id": 2554,
		"label": "凉山彝族自治州"
	}]
}, {
	"id": 2572,
	"label": "贵州省",
	"children": [{
		"id": 2573,
		"label": "贵阳市"
	}, {
		"id": 2584,
		"label": "六盘水市"
	}, {
		"id": 2589,
		"label": "遵义市"
	}, {
		"id": 2604,
		"label": "安顺市"
	}, {
		"id": 2611,
		"label": "毕节市"
	}, {
		"id": 2620, 
		"label": "铜仁市"
	}, {
		"id": 2631,
		"label": "黔西南布依族苗族自治州"
	}, {
		"id": 2640,
		"label": "黔东南苗族侗族自治州"
	}, {
		"id": 2657,
		"label": "黔南布依族苗族自治州"
	},{
		"id": 2658,
		"label": "兴义市"
	}]
}, {
	"id": 2670,
	"label": "云南省",
	"children": [{
		"id": 2671,
		"label": "昆明市"
	}, {
		"id": 2686,
		"label": "曲靖市"
	}, {
		"id": 2696,
		"label": "玉溪市"
	}, {
		"id": 2706,
		"label": "保山市"
	}, {
		"id": 2712,
		"label": "昭通市"
	}, {
		"id": 2724,
		"label": "丽江市"
	}, {
		"id": 2730,
		"label": "普洱市"
	}, {
		"id": 2741,
		"label": "临沧市"
	}, {
		"id": 2750,
		"label": "楚雄彝族自治州"
	}, {
		"id": 2761,
		"label": "红河哈尼族彝族自治州"
	}, {
		"id": 2775,
		"label": "文山壮族苗族自治州"
	}, {
		"id": 2784,
		"label": "西双版纳傣族自治州"
	}, {
		"id": 2788,
		"label": "大理白族自治州"
	}, {
		"id": 2801,
		"label": "德宏傣族景颇族自治州"
	}, {
		"id": 2807,
		"label": "怒江傈僳族自治州"
	}, {
		"id": 2812,
		"label": "迪庆藏族自治州"
	}]
}, {
	"id": 2816,
	"label": "西藏自治区",
	"children": [{
		"id": 2817,
		"label": "拉萨市"
	}, {
		"id": 2826,
		"label": "日喀则市"
	}, {
		"id": 2845,
		"label": "昌都市"
	}, {
		"id": 2857,
		"label": "山南地区"
	}, {
		"id": 2870,
		"label": "那曲地区"
	}, {
		"id": 2882,
		"label": "阿里地区"
	}, {
		"id": 2890,
		"label": "林芝地区"
	}]
}, {
	"id": 2898,
	"label": "陕西省",
	"children": [{
		"id": 2899,
		"label": "西安市"
	}, {
		"id": 2913,
		"label": "铜川市"
	}, {
		"id": 2918,
		"label": "宝鸡市"
	}, {
		"id": 2931,
		"label": "咸阳市"
	}, {
		"id": 2946,
		"label": "渭南市"
	}, {
		"id": 2958,
		"label": "延安市"
	}, {
		"id": 2972,
		"label": "汉中市"
	}, {
		"id": 2984,
		"label": "榆林市"
	}, {
		"id": 2997,
		"label": "安康市"
	}, {
		"id": 3008,
		"label": "商洛市"
	}, {
		"id": 3016,
		"label": "西咸新区"
	}]
}, {
	"id": 3022,
	"label": "甘肃省",
	"children": [{
		"id": 3023,
		"label": "兰州市"
	}, {
		"id": 3032,
		"label": "嘉峪关市"
	}, {
		"id": 3036,
		"label": "金昌市"
	}, {
		"id": 3039,
		"label": "白银市"
	}, {
		"id": 3045,
		"label": "天水市"
	}, {
		"id": 3053,
		"label": "武威市"
	}, {
		"id": 3058,
		"label": "张掖市"
	}, {
		"id": 3065,
		"label": "平凉市"
	}, {
		"id": 3073,
		"label": "酒泉市"
	}, {
		"id": 3081,
		"label": "庆阳市"
	}, {
		"id": 3090,
		"label": "定西市"
	}, {
		"id": 3098,
		"label": "陇南市"
	}, {
		"id": 3108,
		"label": "临夏回族自治州"
	}, {
		"id": 3117,
		"label": "甘南藏族自治州"
	}]
}, {
	"id": 3126,
	"label": "青海省",
	"children": [{
		"id": 3127,
		"label": "西宁市"
	}, {
		"id": 3135,
		"label": "海东市"
	}, {
		"id": 3142,
		"label": "海北藏族自治州"
	}, {
		"id": 3147,
		"label": "黄南藏族自治州"
	}, {
		"id": 3152,
		"label": "海南藏族自治州"
	}, {
		"id": 3158,
		"label": "果洛藏族自治州"
	}, {
		"id": 3165,
		"label": "玉树藏族自治州"
	}, {
		"id": 3172,
		"label": "海西蒙古族藏族自治州"
	}]
}, {
	"id": 3178,
	"label": "宁夏回族自治区",
	"children": [{
		"id": 3179,
		"label": "银川市"
	}, {
		"id": 3186,
		"label": "石嘴山市"
	}, {
		"id": 3190,
		"label": "吴忠市"
	}, {
		"id": 3196,
		"label": "固原市"
	}, {
		"id": 3202,
		"label": "中卫市"
	}]
}, {
	"id": 3206,
	"label": "新疆维吾尔自治区",
	"children": [{
		"id": 3207,
		"label": "乌鲁木齐市"
	}, {
		"id": 3216,
		"label": "克拉玛依市"
	}, {
		"id": 3221,
		"label": "吐鲁番地区"
	}, {
		"id": 3225,
		"label": "哈密地区"
	}, {
		"id": 3229,
		"label": "昌吉回族自治州"
	}, {
		"id": 3237,
		"label": "博尔塔拉蒙古自治州"
	}, {
		"id": 3242,
		"label": "巴音郭楞蒙古自治州"
	}, {
		"id": 3252,
		"label": "阿克苏地区"
	}, {
		"id": 3262,
		"label": "克孜勒苏柯尔克孜自治州"
	}, {
		"id": 3267,
		"label": "喀什地区"
	}, {
		"id": 3280,
		"label": "和田地区"
	}, {
		"id": 3289,
		"label": "伊犁哈萨克自治州"
	}, {
		"id": 3301,
		"label": "塔城地区"
	}, {
		"id": 3309,
		"label": "阿勒泰地区"
	}, {
		"id": 3317,
		"label": "直辖县级"
	}]
}, {
	"id": 3325,
	"label": "台湾省",
	"children": [{
		"id": 3326,
		"label": "台北市"
	}, {
		"id": 3339,
		"label": "高雄市"
	}, {
		"id": 3378,
		"label": "基隆市"
	}, {
		"id": 3386,
		"label": "台中市"
	}, {
		"id": 3416,
		"label": "台南市"
	}, {
		"id": 3454,
		"label": "新竹市"
	}, {
		"id": 3458,
		"label": "嘉义市"
	}, {
		"id": 3461,
		"label": "新北市"
	}, {
		"id": 3491,
		"label": "宜兰县"
	}, {
		"id": 3504,
		"label": "桃园县"
	}, {
		"id": 3518,
		"label": "新竹县"
	}, {
		"id": 3532,
		"label": "苗栗县"
	}, {
		"id": 3551,
		"label": "彰化县"
	}, {
		"id": 3578,
		"label": "南投县"
	}, {
		"id": 3592,
		"label": "云林县"
	}, {
		"id": 3613,
		"label": "嘉义县"
	}, {
		"id": 3632,
		"label": "屏东县"
	}, {
		"id": 3666,
		"label": "台东县"
	}, {
		"id": 3683,
		"label": "花莲县"
	}, {
		"id": 3697,
		"label": "澎湖县"
	}, {
		"id": 3704,
		"label": "金门县"
	}, {
		"id": 3711,
		"label": "连江县"
	}]
}, {
	"id": 3716,
	"label": "香港特别行政区",
	"children": [{
		"id": 3717,
		"label": "香港岛"
	}, {
		"id": 3722,
		"label": "九龙"
	}, {
		"id": 3728,
		"label": "新界"
	}]
}, {
	"id": 3738,
	"label": "澳门特别行政区",
	"children": [{
		"id": 3739,
		"label": "澳门半岛"
	}, {
		"id": 3745,
		"label": "氹仔岛"
	}, {
		"id": 3747,
		"label": "路环岛"
	}]
}]
